insert into persons (person_id, lastname, firstname, patronymic, info, birthdate, place_of_birth, zodiac_sign, sex, height, age, photo, website, email, phone, carrer, surwives)
values (1, 'Шварценеггер', 'Арнольд', 'Алоис ', 'Американский культурист, предприниматель, киноактёр, продюсер, государственный и политический деятель австрийского происхождения', '1947-07-30 00:00:00'::timestamp, 'Австрия', '-', 'M', '100', '67', 'photo.jpg', '-', '-', '-', 'Актер, губернатор, культурист', 'Мария Шрайвер (1986—2021)');
insert into persons (person_id, lastname, firstname, patronymic, info, birthdate, place_of_birth, zodiac_sign, sex, height, age, photo, website, email, phone, carrer, surwives)
values (2, 'Гердес', 'Ханс', 'Петер', 'Вокалист и фронтмен немецкой группы Scooter', '1964-03-16 00:00:00'::timestamp, 'Лер (Нижняя Саксония)', '-', 'M', '80', '59', 'photo.jpg', '-', '-', '-', 'певец', 'Кэти');
insert into persons (person_id, lastname, firstname, patronymic, info, birthdate, place_of_birth, zodiac_sign, sex, height, age, photo, website, email, phone, carrer, surwives)
values (3, 'Лемох', 'Сергей', 'Михайлович', 'Советский и российский певец и композитор, бессменный лидер групп Кар-Мэн, Carbonrock и Double Jazzy', '1965-05-14 00:00:00'::timestamp, 'Москва, СССР', 'телец', 'М', '80', '58', 'photo.jpg', '-', '-', '-', 'певец, композитор', 'Екатерина Канаева');
insert into persons (person_id, lastname, firstname, patronymic, info, birthdate, place_of_birth, zodiac_sign, sex, height, age, photo, website, email, phone, carrer, surwives)
values (4, 'Шилдт', 'Герберт', '-', 'Известный американский программист, автор книг о языках программирования Java, C, C#, C++', '1965-05-14 00:00:00'::timestamp, 'Чикаго, штат Иллинойс', '-', 'М', '80', '72', 'photo.jpg', 'http://www.herbschildt.com', '-', '-', 'программист', '-');

insert into projects (project_id, person_id, title, original_title, date_begin, date_end, info, country, website, email, phone, photo, logo) values (1, 1, 'Терминатор', 'The terminator', '1984', '2019', 'Серия фильмов, изначально запланированная как дилогия, но впоследствии превратившаяся в мультимедийную франшизу', 'США', '-', '-', '-', 'photo.jpg', 'logo.jpg');
insert into projects (project_id, person_id, title, original_title, date_begin, date_end, info, country, website, email, phone, photo, logo) values (2, 1, 'Неудержимые', 'The Expendables', '2010', '2023', ' Медиафраншиза, основанная на одноимённой серии американских боевиков, созданных компанией Millennium Media', 'США', '-', '-', '-', 'photo.jpg', 'logo.jpg');
insert into projects (project_id, person_id, title, original_title, date_begin, date_end, info, country, website, email, phone, photo, logo) values (3, 2, 'Scooter', 'Scooter', '1993', 'настоящее время', 'Немецкий музыкальный коллектив, образованный в 1993 году, и исполняющий электронную танцевальную музыку. Группа знаменита во многих странах мира, в том числе благодаря англоязычным текстам (за единичными исключениями) и названиям песен и композиций', 'Германия', 'https://scootertechno.com', '-', 'management@scootertechno.com', 'photo.jpg', 'logo.jpg');
insert into projects (project_id, person_id, title, original_title, date_begin, date_end, info, country, website, email, phone, photo, logo) values (4, 3, 'Кар-Мэн', 'Кар-Мэн', '1989', 'настоящее время', 'Советская и российская группа. Лидером группы является Сергей Лемох', 'СССР, Россия', 'https://www.carmanmusic.ru', 'ashovikov@mail.ru', '+7 (903) 582-84-94', 'photo.jpg', 'logo.jpg');
insert into projects (project_id, person_id, title, original_title, date_begin, date_end, info, country, website, email, phone, photo, logo) values (5, 3, 'Поларис', 'Поларис', '1997', '1997', 'Инструментальный проект российского певца и композитора, участника группы «Кар-Мэн» Сергея Лемоха', 'Россия', '-', 'ashovikov@mail.ru', '+7 (903) 582-84-94', 'photo.jpg', 'logo.jpg');
insert into projects (project_id, person_id, title, original_title, date_begin, date_end, info, country, website, email, phone, photo, logo) values (6, 4, 'Java. Полное руководство', 'Java: The Complete Reference', '1995', 'настоящее время', 'В этой серии книг, рассказывается о Java Platform Standard', '-', '-', '-', '-', 'photo.jpg', 'logo.jpg');

insert into works (dtype, work_id, project_id, title, original_title, date_begin, date_end, release_date, recording_date, duration, info, website, photo, logo, country, type_of_release, format_release, style_genre, type_of_work, tagline, director, scenario, producer, operator, composer, costume_designer, video_editing, budget, fees, world_premiere, dvd_release, bluray_release, age_to_view)
values ('cinema_works', 1, 1, 'Терминатор', 'The terminator', '26.10.1984', '-', '26.10.1984', '1983-1984', '108', 'История противостояния солдата Кайла Риза и киборга-терминатора, прибывших в 1984 год из пост-апокалиптического будущего, где миром правят машины-убийцы, а человечество находится на грани вымирания', '-', 'photo.jpg', 'logo.jpg', 'США, Великобритания', 'Фильм', 'DVD, BluRay', 'Фантастика, боевик, триллер', 'Фильм', 'Твоё будущее в его руках', 'Джеймс Кэмерон', 'Джеймс Кэмерон, Гейл Энн Хёрд, Уильям Уишер мл.', 'Джон Дэйли, Дерек Гибсон, Гейл Энн Хёрд', 'Адам Гринберг', 'Брэд Фидель', 'Мария Ребман Казо, Джордж Костильо, Хилари Райт', 'Марк Голдблатт', '$6 400 000', '$38 371 200', '26.10.1984', '01.03.2005', '04.10.2012', '16+');
insert into works (dtype, work_id, project_id, title, original_title, date_begin, date_end, release_date, recording_date, duration, info, website, photo, logo, country, type_of_release, format_release, style_genre, type_of_work, tagline, director, scenario, producer, operator, composer, costume_designer, video_editing, budget, fees, world_premiere, dvd_release, bluray_release, age_to_view) values ('cinema_works', 2, 1, 'Терминатор 2: Судный день', 'Terminator 2: Judgment Day', '01.07.1991', '-', '01.07.1991', '1990-1991', '137', 'Прошло более десяти лет с тех пор, как киборг из 2029 года пытался уничтожить Сару Коннор — женщину, чей будущий сын выиграет войну человечества против машин', '-', 'photo.jpg', 'logo.jpg', 'США', 'Фильм', 'DVD, BluRay', 'Фантастика, боевик, триллер', 'Фильм', 'Same Make. Same Model. New Mission', 'Джеймс Кэмерон', 'Джеймс Кэмерон, Гейл Энн Хёрд, Уильям Уишер мл.', 'Джон Дэйли, Дерек Гибсон, Гейл Энн Хёрд', 'Адам Гринберг', 'Брэд Фидель', 'Джозеф П. Лаки, Марлен Стюарт, Джон М. Двайер', 'Конрад Бафф IV, Доди Дорн, Марк Голдблатт', '$102 000 000', '$516 950 043', '01.07.1991', '01.09.2009', '-', '18+');
insert into works (dtype, work_id, project_id, title, original_title, date_begin, date_end, release_date, recording_date, duration, info, website, photo, logo, country, type_of_release, format_release, style_genre, type_of_work, tagline, director, scenario, producer, operator, composer, costume_designer, video_editing, budget, fees, world_premiere, dvd_release, bluray_release, age_to_view) values ('cinema_works', 3, 1, 'Терминатор 3: Восстание машин', 'Terminator 3: Rise of the Machines', '30.10.2003', '-', '26.10.1984', '1983-1984', '108', 'Прошло десять лет с тех пор, как Джон Коннор помог предотвратить Судный День и спасти человечество от массового уничтожения. Теперь ему 25, Коннор не живет «как все» - у него нет дома, нет кредитных карт, нет сотового телефона и никакой работы', '-', 'photo.jpg', 'logo.jpg', 'США, Великобритания', 'Фильм', 'DVD, BluRay', 'Фантастика, боевик, триллер', 'Фильм', 'Твоё будущее в его руках', 'Джеймс Кэмерон', 'Джеймс Кэмерон, Гейл Энн Хёрд, Уильям Уишер мл.', 'Джон Дэйли, Дерек Гибсон, Гейл Энн Хёрд', 'Адам Гринберг', 'Брэд Фидель', 'Джозеф П. Лаки, Марлен Стюарт, Джон М. Двайер', 'Конрад Бафф IV, Доди Дорн, Марк Голдблатт', '$6 400 000', '$38 371 200', '26.10.1984', '01.03.2005', '04.10.2012', '16+');
insert into works (dtype, work_id, project_id, title, original_title, date_begin, date_end, release_date, recording_date, duration, info, website, photo, logo, country, type_of_release, format_release, style_genre, type_of_work, tagline, director, scenario, producer, operator, composer, costume_designer, video_editing, budget, fees, world_premiere, dvd_release, bluray_release, age_to_view) values ('cinema_works', 4, 1, 'Терминатор: Да придёт спаситель', 'Terminator Salvation', '14.05.2009', '-', '26.10.1984', '1983-1984', '108', '2018 год. В мире наступила война с машинами. Джон Коннор — человек, чья судьба — возглавить Сопротивление электронному мозгу Скайнет и армии Терминаторов', '-', 'photo.jpg', 'logo.jpg', 'США, Великобритания', 'Фильм', 'DVD, BluRay', 'Фантастика, боевик, триллер', 'Фильм', 'Твоё будущее в его руках', 'Джеймс Кэмерон', 'Джеймс Кэмерон, Гейл Энн Хёрд, Уильям Уишер мл.', 'Джон Дэйли, Дерек Гибсон, Гейл Энн Хёрд', 'Адам Гринберг', 'Брэд Фидель', 'Мария Ребман Казо, Джордж Костильо, Хилари Райт', 'Марк Голдблатт', '$6 400 000', '$38 371 200', '26.10.1984', '01.03.2005', '04.10.2012', '16+');
insert into works (dtype, work_id, project_id, title, original_title, date_begin, date_end, release_date, recording_date, duration, info, website, photo, logo, country, type_of_release, format_release, style_genre, type_of_work, tagline, director, scenario, producer, operator, composer, costume_designer, video_editing, budget, fees, world_premiere, dvd_release, bluray_release, age_to_view) values ('cinema_works', 5, 1, 'Терминатор: Генезис', 'Terminator Genisys', '21.06.2015', '-', '26.10.1984', '1983-1984', '108', 'Когда Джон Коннор, лидер сопротивления, посылает сержанта Кайла Риза назад в 1984 год, чтобы защитить Сару Коннор и спасти будущее, неожиданный поворот событий создает разлом во времени', '-', 'photo.jpg', 'logo.jpg', 'США, Великобритания', 'Фильм', 'DVD, BluRay', 'Фантастика, боевик, триллер', 'Фильм', 'Твоё будущее в его руках', 'Джеймс Кэмерон', 'Джеймс Кэмерон, Гейл Энн Хёрд, Уильям Уишер мл.', 'Джон Дэйли, Дерек Гибсон, Гейл Энн Хёрд', 'Адам Гринберг', 'Брэд Фидель', 'Мария Ребман Казо, Джордж Костильо, Хилари Райт', 'Марк Голдблатт', '$6 400 000', '$38 371 200', '26.10.1984', '01.03.2005', '04.10.2012', '16+');
insert into works (dtype, work_id, project_id, title, original_title, date_begin, date_end, release_date, recording_date, duration, info, website, photo, logo, country, type_of_release, format_release, style_genre, type_of_work, tagline, director, scenario, producer, operator, composer, costume_designer, video_editing, budget, fees, world_premiere, dvd_release, bluray_release, age_to_view) values ('cinema_works', 6, 1, 'Терминатор: Тёмные судьбы', 'Terminator: Dark Fate', '23.10.2019', '-', '26.10.1984', '1983-1984', '108', 'Мексика. Милая девушка Даниэла Рамос, а для друзей просто Дани, вместе с братом приходит с утра работать на завод, но там выясняется, что их вскоре заменят автоматикой', '-', 'photo.jpg', 'logo.jpg', 'США, Великобритания', 'Фильм', 'DVD, BluRay', 'Фантастика, боевик, триллер', 'Фильм', 'Твоё будущее в его руках', 'Джеймс Кэмерон', 'Джеймс Кэмерон, Гейл Энн Хёрд, Уильям Уишер мл.', 'Джон Дэйли, Дерек Гибсон, Гейл Энн Хёрд', 'Адам Гринберг', 'Брэд Фидель', 'Мария Ребман Казо, Джордж Костильо, Хилари Райт', 'Марк Голдблатт', '$6 400 000', '$38 371 200', '26.10.1984', '01.03.2005', '04.10.2012', '16+');
insert into works (dtype, work_id, project_id, title, original_title, date_begin, date_end, release_date, recording_date, duration, info, website, photo, logo, country, type_of_release, format_release, style_genre, type_of_work, tagline, director, scenario, producer, operator, composer, costume_designer, video_editing, budget, fees, world_premiere, dvd_release, bluray_release, age_to_view) values ('cinema_works', 7, 2, 'Неудержимые', 'The Expendables', '23.10.2019', '-', '26.10.1984', '1983-1984', '108', 'Мексика. Милая девушка Даниэла Рамос, а для друзей просто Дани, вместе с братом приходит с утра работать на завод, но там выясняется, что их вскоре заменят автоматикой', '-', 'photo.jpg', 'logo.jpg', 'США, Великобритания', 'Фильм', 'DVD, BluRay', 'Фантастика, боевик, триллер', 'Фильм', 'Твоё будущее в его руках', 'Джеймс Кэмерон', 'Джеймс Кэмерон, Гейл Энн Хёрд, Уильям Уишер мл.', 'Джон Дэйли, Дерек Гибсон, Гейл Энн Хёрд', 'Адам Гринберг', 'Брэд Фидель', 'Мария Ребман Казо, Джордж Костильо, Хилари Райт', 'Марк Голдблатт', '$6 400 000', '$38 371 200', '26.10.1984', '01.03.2005', '04.10.2012', '16+');
insert into works (dtype, work_id, project_id, title, original_title, date_begin, date_end, release_date, recording_date, duration, info, website, photo, logo, country, type_of_release, format_release, style_genre, type_of_work, lyricist, vocals, backing_vocals, guitar, design, models, dancers, recording_in_studios, barcode, matrix, sid, mastering, mixing,  version, style)
values ('music_works', 8, 3, 'Mind the gap', 'Mind the gap', '2014', '2014', '08.11.2014', '2013-2014', '50', 'Десятый студийный альбом группы', 'https://scootertechno.com', 'photo.jpg', 'logo.jpg', 'Германия', 'CD', 'Album', 'techno', 'Альбом', 'H.P. Baxxter', 'H.P. Baxxter', '-', '-', '-', '-', '-', 'Sheffield Tunes', '-', '-', '-', '-', '-', 'Regular', 'Dance');
insert into works (dtype, work_id, project_id, title, original_title, date_begin, date_end, release_date, recording_date, duration, info, website, photo, logo, country, type_of_release, format_release, style_genre, type_of_work, lyricist, vocals, backing_vocals, guitar, design, models, dancers, recording_in_studios, barcode, matrix, sid, mastering, mixing, version, style)
values ('music_works', 9, 4, 'Твоя сексуальная штучка', 'Твоя сексуальная штучка', '1996', '1996', '1996', '1995-1996', '45', 'Четвертый студийный альбом группы', 'https://www.carmanmusic.ru', 'photo.jpg', 'logo.jpg', 'Россия', 'Альбом', 'Альбом', 'Electronic, Pop', 'Альбом', 'Сергей Лемох', 'Сергей Лемох', 'Ю-ла', 'А. Венгеров, Д. Четвергов', 'Ф. Рукавишников', 'К. Канаева, С. Колков, Н. Коробов', 'К. Канаева, С. Колков, Н. Коробов', 'Pi-Ton Labs, Poly Max', '4600413000855', 'UL 96541', 'IFPI 1I03', 'В. Володин', 'В. Володин, С. Лемох', '-', 'Hi NRG, Euro House');
insert into works (dtype, work_id, project_id, title, original_title, date_begin, date_end, release_date, recording_date, duration, info, website, photo, logo, country, type_of_release, format_release, style_genre, type_of_work, lyricist, vocals, backing_vocals, guitar, design, models, dancers, recording_in_studios, barcode, matrix, sid, mastering, mixing, version, style)
values ('music_works', 10, 4, 'Вокруг света', 'Вокруг света', '1991', '1991', '1991', '1989-1991', '44', 'Первый студийный альбом группы', 'https://www.carmanmusic.ru', 'photo.jpg', 'logo.jpg', 'Россия', 'Альбом', 'Альбом', 'Electronic, Pop', 'Альбом', 'Сергей Лемох', 'Сергей Лемох', 'Ю-ла', 'А. Венгеров, Д. Четвергов', 'Ф. Рукавишников', 'К. Канаева, С. Колков, Н. Коробов', 'К. Канаева, С. Колков, Н. Коробов', 'Pi-Ton Labs, Poly Max', '4600413000855', 'UL 96541', 'IFPI 1I03', 'В. Володин', 'В. Володин, С. Лемох', '-', 'Hi NRG, Euro House');
insert into works (dtype, work_id, project_id, title, original_title, date_begin, date_end, release_date, recording_date, duration, info, website, photo, logo, country, type_of_release, format_release, style_genre, type_of_work, lyricist, vocals, backing_vocals, guitar, design, models, dancers, recording_in_studios, barcode, matrix, sid, mastering, mixing, version, style)
values ('music_works', 11, 4, 'Кармания', 'Кармания', '1992', '1992', '1992', '1991-1992', '46', 'Второй студийный альбом группы', 'https://www.carmanmusic.ru', 'photo.jpg', 'logo.jpg', 'Россия', 'Альбом', 'Альбом', 'Electronic, Pop', 'Альбом', 'Сергей Лемох', 'Сергей Лемох', 'Ю-ла', 'А. Венгеров, Д. Четвергов', 'Ф. Рукавишников', 'К. Канаева, С. Колков, Н. Коробов', 'К. Канаева, С. Колков, Н. Коробов', 'Pi-Ton Labs, Poly Max', '4600413000855', 'UL 96541', 'IFPI 1I03', 'В. Володин', 'В. Володин, С. Лемох', '-', 'Hi NRG, Euro House');
insert into works (dtype, work_id, project_id, title, original_title, date_begin, date_end, release_date, recording_date, duration, info, website, photo, logo, country, type_of_release, format_release, style_genre, type_of_work, lyricist, vocals, backing_vocals, guitar, design, models, dancers, recording_in_studios, barcode, matrix, sid, mastering, mixing, version, style)
values ('music_works', 12, 4, 'Русская массированная звуковая агрессия', 'Русская массированная звуковая агрессия', '1994', '1994', '1994', '1992-1994', '50', 'Третий студийный альбом группы', 'https://www.carmanmusic.ru', 'photo.jpg', 'logo.jpg', 'Россия', 'Альбом', 'Альбом', 'Electronic, Pop', 'Альбом', 'Сергей Лемох', 'Сергей Лемох', 'Ю-ла', 'А. Венгеров, Д. Четвергов', 'Ф. Рукавишников', 'К. Канаева, С. Колков, Н. Коробов', 'К. Канаева, С. Колков, Н. Коробов', 'Pi-Ton Labs, Poly Max', '4600413000855', 'UL 96541', 'IFPI 1I03', 'В. Володин', 'В. Володин, С. Лемох', '-', 'Hi NRG, Euro House');
insert into works (dtype, work_id, project_id, title, original_title, date_begin, date_end, release_date, recording_date, duration, info, website, photo, logo, country, type_of_release, format_release, style_genre, type_of_work, lyricist, vocals, backing_vocals, guitar, design, models, dancers, recording_in_studios, barcode, matrix, sid, mastering, mixing, version, style)
values ('music_works', 13, 4, 'Король диска', 'Король диска', '1998', '1998', '1998', '1997-1998', '41', 'Пятый студийный альбом группы', 'https://www.carmanmusic.ru', 'photo.jpg', 'logo.jpg', 'Россия', 'Альбом', 'Альбом', 'Electronic, Pop', 'Альбом', 'Сергей Лемох', 'Сергей Лемох', 'Ю-ла', 'А. Венгеров, Д. Четвергов', 'Ф. Рукавишников', 'К. Канаева, С. Колков, Н. Коробов', 'К. Канаева, С. Колков, Н. Коробов', 'Pi-Ton Labs, Poly Max', '4600413000855', 'UL 96541', 'IFPI 1I03', 'В. Володин', 'В. Володин, С. Лемох', '-', 'Hi NRG, Euro House');
insert into works (dtype, work_id, project_id, title, original_title, date_begin, date_end, release_date, recording_date, duration, info, website, photo, logo, country, type_of_release, format_release, style_genre, type_of_work, lyricist, vocals, backing_vocals, guitar, design, models, dancers, recording_in_studios, barcode, matrix, sid, mastering, mixing, version, style)
values ('music_works', 14, 4, 'Назад в будущее', 'Назад в будущее', '1999', '1999', '1999', '1998-1999', '44', 'Первый альбом ремиксов группы', 'https://www.carmanmusic.ru', 'photo.jpg', 'logo.jpg', 'Россия', 'Альбом', 'Альбом', 'Electronic, Pop', 'Альбом', 'Сергей Лемох', 'Сергей Лемох', 'Ю-ла', 'А. Венгеров, Д. Четвергов', 'Ф. Рукавишников', 'К. Канаева, С. Колков, Н. Коробов', 'К. Канаева, С. Колков, Н. Коробов', 'Pi-Ton Labs, Poly Max', '4600413000855', 'UL 96541', 'IFPI 1I03', 'В. Володин', 'В. Володин, С. Лемох', '-', 'Hi NRG, Euro House');
insert into works (dtype, work_id, project_id, title, original_title, date_begin, date_end, release_date, recording_date, duration, info, website, photo, logo, country, type_of_release, format_release, style_genre, type_of_work, lyricist, vocals, backing_vocals, guitar, design, models, dancers, recording_in_studios, barcode, matrix, sid, mastering, mixing, version, style)
values ('music_works', 15, 4, 'Нитро', 'Нитро', '2008', '2008', '2008', '2000-2008', '45', 'Шестой студийный альбом группы', 'https://www.carmanmusic.ru', 'photo.jpg', 'logo.jpg', 'Россия', 'Альбом', 'Альбом', 'Electronic, Pop', 'Альбом', 'Сергей Лемох', 'Сергей Лемох', 'Ю-ла', 'А. Венгеров, Д. Четвергов', 'Ф. Рукавишников', 'К. Канаева, С. Колков, Н. Коробов', 'К. Канаева, С. Колков, Н. Коробов', 'Pi-Ton Labs, Poly Max', '4600413000855', 'UL 96541', 'IFPI 1I03', 'В. Володин', 'В. Володин, С. Лемох', '-', 'Hi NRG, Euro House');
insert into works (dtype, work_id, project_id, title, original_title, date_begin, date_end, release_date, recording_date, duration, info, website, photo, logo, country, type_of_release, format_release, style_genre, type_of_work, lyricist, vocals, backing_vocals, guitar, design, models, dancers, recording_in_studios, barcode, matrix, sid, mastering, mixing, version, style)
values ('music_works', 16, 5, 'Поларис', 'Поларис', '1997', '1997', '1997', '1996-1997', '45', 'Первый студийный альбом проекта', 'https://www.carmanmusic.ru', 'photo.jpg', 'logo.jpg', 'Россия', 'Альбом', 'Альбом', 'Electronic, Pop', 'Альбом', 'Сергей Лемох', 'Сергей Лемох', 'Ю-ла', 'А. Венгеров, Д. Четвергов', 'Ф. Рукавишников', 'К. Канаева, С. Колков, Н. Коробов', 'К. Канаева, С. Колков, Н. Коробов', 'Pi-Ton Labs, Poly Max', '4600413000855', 'UL 96541', 'IFPI 1I03', 'В. Володин', 'В. Володин, С. Лемох', '-', 'Hi NRG, Euro House');
insert into works (dtype, work_id, project_id, title, original_title, date_begin, date_end, release_date, recording_date, duration, info, website, photo, logo, isbn, author, publishing_house, publication_language, publication_format, circulation, book_type, number_of_pages, cover_type)
values ('book_works', 17, 6, 'Java. Полное руководство. 10-е издание', 'Java: The Complete Reference. 10 Edition', '2020', '2020', '2020', '2020', '-', '-', '-', 'photo.jpg', 'logo.jpg', '645654365436', 'Герберт Шилдт', 'Apress', 'Русский', 'Книга', '-', '-', '1200', 'Твердый переплет');
insert into works (dtype, work_id, project_id, title, original_title, date_begin, date_end, release_date, recording_date, duration, info, website, photo, logo, isbn, author, publishing_house, publication_language, publication_format, circulation, book_type, number_of_pages, cover_type)
values ('book_works', 18, 6, 'Java. Полное руководство. 12-е издание', 'Java: The Complete Reference. 12 Edition', '2023', '2023', '2023', '2023', '-', '-', '-', 'photo.jpg', 'logo.jpg', '645654365436', 'Герберт Шилдт', 'Apress', 'Русский', 'Книга', '-', '-', '1200', 'Твердый переплет');
insert into works (dtype, work_id, project_id, title, original_title, date_begin, date_end, release_date, recording_date, duration, info, website, photo, logo, country, type_of_release, format_release, style_genre, type_of_work, lyricist, vocals, backing_vocals, guitar, design, models, dancers, recording_in_studios, barcode, matrix, sid, mastering, mixing, version, style)
values ('music_works', 19, 1, 'Terminator OST', 'Terminator OST', '2008', '2008', '2008', '2000-2008', '45', 'Terminator OST', 'https://www.carmanmusic.ru', 'photo.jpg', 'logo.jpg', 'Россия', 'Альбом', 'Альбом', 'Electronic, Pop', 'Альбом', 'Terminator OST', 'Сергей Лемох', 'Terminator OST', 'А. Венгеров, Д. Четвергов', 'Ф. Рукавишников', 'К. Канаева, С. Колков, Н. Коробов', 'К. Канаева, С. Колков, Н. Коробов', 'Pi-Ton Labs, Poly Max', '4600413000855', 'UL 96541', 'IFPI 1I03', 'В. Володин', 'В. Володин, С. Лемох', '-', 'Hi NRG, Euro House');

insert into media_info (dtype, media_id, work_id, title, release_date, recording_date, duration, version, seasons) values ('cinema_info', 1, 1, 'Терминатор', '1984', '1984', '80', 'Терминатор', '0');
insert into media_info (dtype, media_id, work_id, title, release_date, recording_date, duration, version, seasons) values ('cinema_info', 65, 1, 'Терминатор Making of', '1984', '1984', '80', 'Making of', '0');
insert into media_info (dtype, media_id, work_id, title, release_date, recording_date, duration, version, seasons) values ('cinema_info', 66, 1, 'Терминатор Directors cut', '1984', '1984', '80', 'Directors cut', '0');
insert into media_info (dtype, media_id, work_id, title, release_date, recording_date, duration, version, style, song_number) values ('music_info', 2, 8, 'Shake that!', '2004', '2004', '3:19', 'album version', '-', '3');
insert into media_info (dtype, media_id, work_id, title, release_date, recording_date, duration, version, style, song_number) values ('music_info', 3, 8, 'Killer Bees', '2004', '2004', '1:30', '-', '-', '1');
insert into media_info (dtype, media_id, work_id, title, release_date, recording_date, duration, version, style, song_number) values ('music_info', 4, 8, 'One (Always hardcore)', '2004', '2004', '3:44', '-', '-', '2');
insert into media_info (dtype, media_id, work_id, title, release_date, recording_date, duration, version, style, song_number) values ('music_info', 5, 8, 'Jigga Jigga!', '2004', '2004', '3:55', '-', '-', '6');
insert into media_info (dtype, media_id, work_id, title, release_date, recording_date, duration, version, style, song_number) values ('music_info', 6, 8, 'Stripped', '2004', '2004', '3:29', '-', '-', '9');
insert into media_info (dtype, media_id, work_id, title, release_date, recording_date, duration, version, style, song_number) values ('music_info', 7, 8, 'Trance-Atlantic', '2004', '2004', '7:53', '-', '-', '8');
insert into media_info (dtype, media_id, work_id, title, release_date, recording_date, duration, version, style, song_number) values ('music_info', 8, 8, 'Trip to nowhere', '2004', '2004', '5:02', '-', '-', '13');
insert into media_info (dtype, media_id, work_id, title, release_date, recording_date, duration, version, style, song_number) values ('music_info', 9, 8, 'Panties wanted', '2004', '2004', '4:33', '-', '-', '7');
insert into media_info (dtype, media_id, work_id, title, release_date, recording_date, duration, version, style, song_number) values ('music_info', 10, 8, 'All I wanna do', '2004', '2004', '4:21', '-', '-', '5');
insert into media_info (dtype, media_id, work_id, title, release_date, recording_date, duration, version, style, song_number) values ('music_info', 11, 8, 'My eyes are dry', '2004', '2004', '2:54', '-', '-', '4');
insert into media_info (dtype, media_id, work_id, title, release_date, recording_date, duration, version, style, song_number) values ('music_info', 12, 8, 'Suavemente', '2004', '2004', '3:38', '-', '-', '10');
insert into media_info (dtype, media_id, work_id, title, release_date, recording_date, duration, version, style, song_number) values ('music_info', 13, 8, 'The chaser', '2004', '2004', '4:10', '-', '-', '11');
insert into media_info (dtype, media_id, work_id, title, release_date, recording_date, duration, version, style, song_number) values ('music_info', 14, 8, 'The avengers back', '2004', '2004', '2:59', '-', '-', '12');
insert into media_info (dtype, media_id, work_id, title, release_date, recording_date, duration, version, style, song_number) values ('music_info', 15, 9, 'Южный Шаолинь', '1996', '1996', '5:07', '-', '-', '2');
insert into media_info (dtype, media_id, work_id, title, release_date, recording_date, duration, version, style, song_number) values ('music_info', 16, 9, 'Али-баба', '1996', '1996', '3:17', '-', '-', '1');
insert into media_info (dtype, media_id, work_id, title, release_date, recording_date, duration, version, style, song_number) values ('music_info', 17, 9, 'Возьми меня с собой', '1996', '1996', '4:08', '-', '-', '7');
insert into media_info (dtype, media_id, work_id, title, release_date, recording_date, duration, version, style, song_number) values ('music_info', 18, 9, 'Давай, танцуй', '1996', '1996', '3:43', '-', '-', '5');
insert into media_info (dtype, media_id, work_id, title, release_date, recording_date, duration, version, style, song_number) values ('music_info', 19, 9, 'Город любви', '1996', '1996', '5:19', '-', '-', '4');
insert into media_info (dtype, media_id, work_id, title, release_date, recording_date, duration, version, style, song_number) values ('music_info', 20, 9, 'Одиночество', '1996', '1996', '4:40', '-', '-', '3');
insert into media_info (dtype, media_id, work_id, title, release_date, recording_date, duration, version, style, song_number) values ('music_info', 21, 9, 'Стой, бэйби!', '1996', '1996', '4:16', '-', '-', '6');
insert into media_info (dtype, media_id, work_id, title, release_date, recording_date, duration, version, style, song_number) values ('music_info', 22, 9, 'Африканская любовь', '1996', '1996', '4:41', '-', '-', '8');
insert into media_info (dtype, media_id, work_id, title, release_date, recording_date, duration, version, style, song_number) values ('music_info', 23, 9, 'Киберлюбовь', '1996', '1996', '4:32', '-', '-', '9');
insert into media_info (dtype, media_id, work_id, title, release_date, recording_date, duration, version, style, song_number) values ('music_info', 24, 9, 'Буги вуги [хаус микс]', '1996', '1996', '5:46', '-', '-', '10');
insert into media_info (dtype, media_id, work_id, title, release_date, recording_date, duration, version, style, song_number) values ('music_info', 25, 11, 'Bad russians', '1992', '1992', '4:28', '-', '-', '1');
insert into media_info (dtype, media_id, work_id, title, release_date, recording_date, duration, version, style, song_number) values ('music_info', 26, 11, 'В Багдаде всё спокойно', '1992', '1992', '4:04', '-', '-', '2');
insert into media_info (dtype, media_id, work_id, title, release_date, recording_date, duration, version, style, song_number) values ('music_info', 27, 11, 'Бомбей буги', '1992', '1992', '4:06', '-', '-', '3');
insert into media_info (dtype, media_id, work_id, title, release_date, recording_date, duration, version, style, song_number) values ('music_info', 28, 11, 'Caribbean girl', '1992', '1992', '4:31', '-', '-', '4');
insert into media_info (dtype, media_id, work_id, title, release_date, recording_date, duration, version, style, song_number) values ('music_info', 29, 11, 'Сан-Франциско', '1992', '1992', '4:46', '-', '-', '5');
insert into media_info (dtype, media_id, work_id, title, release_date, recording_date, duration, version, style, song_number) values ('music_info', 30, 11, 'Филиппинская колдунья', '1992', '1992', '5:09', '-', '-', '6');
insert into media_info (dtype, media_id, work_id, title, release_date, recording_date, duration, version, style, song_number) values ('music_info', 31, 11, 'Робин Гуд', '1992', '1992', '4:23', '-', '-', '7');
insert into media_info (dtype, media_id, work_id, title, release_date, recording_date, duration, version, style, song_number) values ('music_info', 32, 11, 'День Рождения в Монте-Карло', '1992', '1992', '4:48', '-', '-', '8');
insert into media_info (dtype, media_id, work_id, title, release_date, recording_date, duration, version, style, song_number) values ('music_info', 33, 11, 'Парень из Африки', '1992', '1992', '4:00', '-', '-', '9');
insert into media_info (dtype, media_id, work_id, title, release_date, recording_date, duration, version, style, song_number) values ('music_info', 34, 15, 'Марсианка', '2008', '2008', '3:34', '-', '-', '1');
insert into media_info (dtype, media_id, work_id, title, release_date, recording_date, duration, version, style, song_number) values ('music_info', 35, 15, 'Детка', '2008', '2008', '3:30', '-', '-', '2');
insert into media_info (dtype, media_id, work_id, title, release_date, recording_date, duration, version, style, song_number) values ('music_info', 36, 15, 'Дискотека', '2008', '2008', '4:04', '-', '-', '3');
insert into media_info (dtype, media_id, work_id, title, release_date, recording_date, duration, version, style, song_number) values ('music_info', 37, 15, 'Точка-тире', '2008', '2008', '3:51', '-', '-', '4');
insert into media_info (dtype, media_id, work_id, title, release_date, recording_date, duration, version, style, song_number) values ('music_info', 38, 15, 'Музыка', '2008', '2008', '5:07', '-', '-', '5');
insert into media_info (dtype, media_id, work_id, title, release_date, recording_date, duration, version, style, song_number) values ('music_info', 39, 15, 'Звёздная река', '2008', '2008', '3:14', '-', '-', '6');
insert into media_info (dtype, media_id, work_id, title, release_date, recording_date, duration, version, style, song_number) values ('music_info', 40, 15, 'Ночь', '2008', '2008', '4:16', '-', '-', '7');
insert into media_info (dtype, media_id, work_id, title, release_date, recording_date, duration, version, style, song_number) values ('music_info', 41, 15, 'Ракета на Луну', '2008', '2008', '3:26', '-', '-', '8');
insert into media_info (dtype, media_id, work_id, title, release_date, recording_date, duration, version, style, song_number) values ('music_info', 42, 15, 'Карнавал', '2008', '2008', '3:43', '-', '-', '9');
insert into media_info (dtype, media_id, work_id, title, release_date, recording_date, duration, version, style, song_number) values ('music_info', 43, 15, 'Мама', '2008', '2008', '3:13', '-', '-', '10');
insert into media_info (dtype, media_id, work_id, title, release_date, recording_date, duration, version, style, song_number) values ('music_info', 44, 15, 'Марсианка [UnixMix]', '2008', '2008', '3:55', '-', '-', '11');
insert into media_info (dtype, media_id, work_id, title, release_date, recording_date, duration, version, style, song_number) values ('music_info', 45, 10, 'Эй, ухнем', '1991', '1991', '4:03', '-', '-', '1');
insert into media_info (dtype, media_id, work_id, title, release_date, recording_date, duration, version, style, song_number) values ('music_info', 46, 10, 'Дели', '1991', '1991', '4:54', '-', '-', '2');
insert into media_info (dtype, media_id, work_id, title, release_date, recording_date, duration, version, style, song_number) values ('music_info', 47, 10, 'Моя девчонка из Америки', '1991', '1991', '4:53', '-', '-', '3');
insert into media_info (dtype, media_id, work_id, title, release_date, recording_date, duration, version, style, song_number) values ('music_info', 48, 10, 'Прощай, Лондон', '1991', '1991', '5:24', '-', '-', '4');
insert into media_info (dtype, media_id, work_id, title, release_date, recording_date, duration, version, style, song_number) values ('music_info', 49, 10, 'Отель Сан-Мартино', '1991', '1991', '5:23', '-', '-', '5');
insert into media_info (dtype, media_id, work_id, title, release_date, recording_date, duration, version, style, song_number) values ('music_info', 50, 10, 'Чио-Чио-сан', '1991', '1991', '4:54', '-', '-', '6');
insert into media_info (dtype, media_id, work_id, title, release_date, recording_date, duration, version, style, song_number) values ('music_info', 51, 10, 'Знойный Истамбул', '1991', '1991', '3:52', '-', '-', '7');
insert into media_info (dtype, media_id, work_id, title, release_date, recording_date, duration, version, style, song_number) values ('music_info', 52, 10, 'Багама-Мама', '1991', '1991', '3:45', '-', '-', '8');
insert into media_info (dtype, media_id, work_id, title, release_date, recording_date, duration, version, style, song_number) values ('music_info', 53, 10, 'Париж', '1991', '1991', '4:34', '-', '-', '9');
insert into media_info (dtype, media_id, work_id, title, release_date, recording_date, duration, version, style, song_number) values ('music_info', 54, 10, 'Орлеанский рок-н-ролл', '1991', '1991', '1:39', '-', '-', '10');
insert into media_info (dtype, media_id, work_id, title, release_date, recording_date, duration, version, style, song_number) values ('music_info', 55, 12, 'Звуковой агрессор', '1994', '1994', '3:51', '-', '-', '1');
insert into media_info (dtype, media_id, work_id, title, release_date, recording_date, duration, version, style, song_number) values ('music_info', 56, 12, 'Мамайя каннибалз', '1994', '1994', '4:53', '-', '-', '2');
insert into media_info (dtype, media_id, work_id, title, release_date, recording_date, duration, version, style, song_number) values ('music_info', 57, 12, 'Is it love', '1994', '1994', '4:07', '-', '-', '3');
insert into media_info (dtype, media_id, work_id, title, release_date, recording_date, duration, version, style, song_number) values ('music_info', 58, 12, 'Гагарин пати', '1994', '1994', '4:24', '-', '-', '4');
insert into media_info (dtype, media_id, work_id, title, release_date, recording_date, duration, version, style, song_number) values ('music_info', 59, 12, 'Лунное регги (Moonlight reggey)', '1994', '1994', '3:55', '-', '-', '5');
insert into media_info (dtype, media_id, work_id, title, release_date, recording_date, duration, version, style, song_number) values ('music_info', 60, 12, 'This is Car-Man (Это Кар-Мэн)', '1994', '1994', '3:46', '-', '-', '6');
insert into media_info (dtype, media_id, work_id, title, release_date, recording_date, duration, version, style, song_number) values ('music_info', 61, 12, 'Танцы в лазерном дыму', '1994', '1994', '6:01', '-', '-', '7');
insert into media_info (dtype, media_id, work_id, title, release_date, recording_date, duration, version, style, song_number) values ('music_info', 62, 12, 'Союз-Аполло', '1994', '1994', '5:23', '-', '-', '8');
insert into media_info (dtype, media_id, work_id, title, release_date, recording_date, duration, version, style, song_number) values ('music_info', 63, 12, 'Великий инквизитор', '1994', '1994', '4:32', '-', '-', '9');
insert into media_info (dtype, media_id, work_id, title, release_date, recording_date, duration, version, pages) values ('book_info', 64, 18, 'Java. Полное руководство. 12-е издание', '2023', '-', '-', 'Бумажная', '1200');